{
  "theta_global": 3500.0,
  "frontier": [
    {
      "budget": 40000,
      "cost_selected": 33000.0,
      "E_R": 2792.0536756681913,
      "P_R_le_theta": 0.7903333333333333,
      "selected_controls": [
        "D3-MFA",
        "M1027",
        "M1042"
      ],
      "selected_controls_nodes": {
        "D3-MFA": [
          "h4",
          "n17",
          "n27",
          "n48"
        ],
        "M1027": [
          "h3",
          "n12",
          "n17",
          "n27",
          "n3",
          "n31",
          "n47",
          "n9"
        ],
        "M1042": [
          "n22",
          "n28",
          "n30",
          "n6",
          "n9"
        ]
      }
    },
    {
      "budget": 50000,
      "cost_selected": 33000.0,
      "E_R": 2857.058569811915,
      "P_R_le_theta": 0.765,
      "selected_controls": [
        "D3-MFA",
        "M1027",
        "M1042"
      ],
      "selected_controls_nodes": {
        "D3-MFA": [
          "h4",
          "n17",
          "n27",
          "n48"
        ],
        "M1027": [
          "h3",
          "n12",
          "n17",
          "n27",
          "n3",
          "n31",
          "n47",
          "n9"
        ],
        "M1042": [
          "n22",
          "n28",
          "n30",
          "n6",
          "n9"
        ]
      }
    },
    {
      "budget": 60000,
      "cost_selected": 33000.0,
      "E_R": 2846.7024552279754,
      "P_R_le_theta": 0.7576666666666667,
      "selected_controls": [
        "D3-MFA",
        "M1027",
        "M1042"
      ],
      "selected_controls_nodes": {
        "D3-MFA": [
          "h4",
          "n17",
          "n27",
          "n48"
        ],
        "M1027": [
          "h3",
          "n12",
          "n17",
          "n27",
          "n3",
          "n31",
          "n47",
          "n9"
        ],
        "M1042": [
          "n22",
          "n28",
          "n30",
          "n6",
          "n9"
        ]
      }
    },
    {
      "budget": 70000,
      "cost_selected": 33000.0,
      "E_R": 2813.815031676711,
      "P_R_le_theta": 0.7813333333333333,
      "selected_controls": [
        "D3-MFA",
        "M1027",
        "M1042"
      ],
      "selected_controls_nodes": {
        "D3-MFA": [
          "h4",
          "n17",
          "n27",
          "n48"
        ],
        "M1027": [
          "h3",
          "n12",
          "n17",
          "n27",
          "n3",
          "n31",
          "n47",
          "n9"
        ],
        "M1042": [
          "n22",
          "n28",
          "n30",
          "n6",
          "n9"
        ]
      }
    },
    {
      "budget": 80000,
      "cost_selected": 33000.0,
      "E_R": 2832.4984388319467,
      "P_R_le_theta": 0.7636666666666667,
      "selected_controls": [
        "D3-MFA",
        "M1027",
        "M1042"
      ],
      "selected_controls_nodes": {
        "D3-MFA": [
          "h4",
          "n17",
          "n27",
          "n48"
        ],
        "M1027": [
          "h3",
          "n12",
          "n17",
          "n27",
          "n3",
          "n31",
          "n47",
          "n9"
        ],
        "M1042": [
          "n22",
          "n28",
          "n30",
          "n6",
          "n9"
        ]
      }
    },
    {
      "budget": 90000,
      "cost_selected": 33000.0,
      "E_R": 2496.2062064447923,
      "P_R_le_theta": 0.8726666666666667,
      "selected_controls": [
        "M1018",
        "M1027",
        "M1042"
      ],
      "selected_controls_nodes": {
        "M1018": [
          "h4",
          "n1",
          "n17",
          "n2",
          "n27",
          "n3",
          "n39",
          "n4",
          "n40",
          "n45",
          "n46",
          "n48",
          "n49",
          "n5",
          "n50",
          "n51",
          "n9"
        ],
        "M1027": [
          "h3",
          "n12",
          "n17",
          "n27",
          "n3",
          "n31",
          "n47",
          "n9"
        ],
        "M1042": [
          "n22",
          "n28",
          "n30",
          "n6",
          "n9"
        ]
      }
    },
    {
      "budget": 100000,
      "cost_selected": 33000.0,
      "E_R": 2847.1513590635236,
      "P_R_le_theta": 0.7586666666666667,
      "selected_controls": [
        "D3-MFA",
        "M1027",
        "M1042"
      ],
      "selected_controls_nodes": {
        "D3-MFA": [
          "h4",
          "n17",
          "n27",
          "n48"
        ],
        "M1027": [
          "h3",
          "n12",
          "n17",
          "n27",
          "n3",
          "n31",
          "n47",
          "n9"
        ],
        "M1042": [
          "n22",
          "n28",
          "n30",
          "n6",
          "n9"
        ]
      }
    },
    {
      "budget": 110000,
      "cost_selected": 33000.0,
      "E_R": 2807.239384256414,
      "P_R_le_theta": 0.7786666666666666,
      "selected_controls": [
        "D3-MFA",
        "M1027",
        "M1042"
      ],
      "selected_controls_nodes": {
        "D3-MFA": [
          "h4",
          "n17",
          "n27",
          "n48"
        ],
        "M1027": [
          "h3",
          "n12",
          "n17",
          "n27",
          "n3",
          "n31",
          "n47",
          "n9"
        ],
        "M1042": [
          "n22",
          "n28",
          "n30",
          "n6",
          "n9"
        ]
      }
    },
    {
      "budget": 120000,
      "cost_selected": 33000.0,
      "E_R": 2804.386843441767,
      "P_R_le_theta": 0.7806666666666666,
      "selected_controls": [
        "D3-MFA",
        "M1027",
        "M1042"
      ],
      "selected_controls_nodes": {
        "D3-MFA": [
          "h4",
          "n17",
          "n27",
          "n48"
        ],
        "M1027": [
          "h3",
          "n12",
          "n17",
          "n27",
          "n3",
          "n31",
          "n47",
          "n9"
        ],
        "M1042": [
          "n22",
          "n28",
          "n30",
          "n6",
          "n9"
        ]
      }
    },
    {
      "budget": 130000,
      "cost_selected": 33000.0,
      "E_R": 2805.707971168939,
      "P_R_le_theta": 0.773,
      "selected_controls": [
        "D3-MFA",
        "M1027",
        "M1042"
      ],
      "selected_controls_nodes": {
        "D3-MFA": [
          "h4",
          "n17",
          "n27",
          "n48"
        ],
        "M1027": [
          "h3",
          "n12",
          "n17",
          "n27",
          "n3",
          "n31",
          "n47",
          "n9"
        ],
        "M1042": [
          "n22",
          "n28",
          "n30",
          "n6",
          "n9"
        ]
      }
    },
    {
      "budget": 140000,
      "cost_selected": 33000.0,
      "E_R": 2811.4308065818345,
      "P_R_le_theta": 0.7716666666666666,
      "selected_controls": [
        "D3-MFA",
        "M1027",
        "M1042"
      ],
      "selected_controls_nodes": {
        "D3-MFA": [
          "h4",
          "n17",
          "n27",
          "n48"
        ],
        "M1027": [
          "h3",
          "n12",
          "n17",
          "n27",
          "n3",
          "n31",
          "n47",
          "n9"
        ],
        "M1042": [
          "n22",
          "n28",
          "n30",
          "n6",
          "n9"
        ]
      }
    },
    {
      "budget": 150000,
      "cost_selected": 33000.0,
      "E_R": 2820.574235792468,
      "P_R_le_theta": 0.773,
      "selected_controls": [
        "D3-MFA",
        "M1027",
        "M1042"
      ],
      "selected_controls_nodes": {
        "D3-MFA": [
          "h4",
          "n17",
          "n27",
          "n48"
        ],
        "M1027": [
          "h3",
          "n12",
          "n17",
          "n27",
          "n3",
          "n31",
          "n47",
          "n9"
        ],
        "M1042": [
          "n22",
          "n28",
          "n30",
          "n6",
          "n9"
        ]
      }
    },
    {
      "budget": 160000,